index,spacing_normalized,source
1,1.1843644720678557,gue
2,1.20245827661155,gue
3,1.1933539972622922,gue
4,1.6592891424963798,gue
5,0.960952788732689,gue
6,0.7076130464358406,gue
7,1.2938133460390278,gue
8,1.7476949781157363,gue
9,0.986772029842044,gue
10,0.43485795512827996,gue
11,1.0165258994770967,gue
12,0.4624702686250996,gue
13,0.6231672345885731,gue
14,2.136124712741855,gue
15,0.4400721807621042,gue
16,1.4577483885719695,gue
17,0.22979974535912828,gue
18,1.5618190557564169,gue
19,0.22061264487751775,gue
20,0.6947631356285042,gue
21,0.6768029618349632,gue
22,1.3379755965347426,gue
23,1.4848569931859847,gue
24,0.8335418915622043,gue
25,1.0669757093358494,gue
26,0.6000349139181761,gue
27,1.4003103351435238,gue
28,0.7327141547341172,gue
29,0.7019543158177498,gue
30,1.1018031600683837,gue
31,1.5145249678154167,gue
32,0.9504405974318892,gue
33,0.5832207251241921,gue
34,0.9723184571829053,gue
35,0.7199574872154293,gue
36,1.162599458612093,gue
37,0.9707510159175174,gue
38,0.6520088790811926,gue
39,1.065211270352203,gue
40,0.6725778455420641,gue
41,1.7854279025311672,gue
42,0.711306413456908,gue
43,0.6680660214474481,gue
44,1.321848986032416,gue
45,1.4355028189971248,gue
46,0.4391681136194705,gue
47,1.2238257083849045,gue
48,0.8457425181843332,gue
49,0.7554834026399693,gue
50,0.6525273308650911,gue
51,1.4461835763498896,gue
52,1.1900143136071248,gue
53,0.8553850689277792,gue
54,0.8441515378914753,gue
55,0.6771026940041025,gue
56,0.7779821977648128,gue
57,1.8376845665606278,gue
58,0.31478850286226,gue
59,1.3331544041850232,gue
60,0.9504267904077293,gue
61,1.0312352691065292,gue
62,1.3177545294886877,gue
63,1.618037686873754,gue
64,0.31067765695011623,gue
65,0.5853698721010295,gue
66,1.1693313861914878,gue
67,1.069286946393198,gue
68,0.7808254981866602,gue
69,0.566467950678437,gue
70,0.821781197811776,gue
71,1.8658856684269258,gue
72,1.148998808792355,gue
73,1.0705305946722803,gue
74,1.0819255353374846,gue
75,0.7433057457010166,gue
76,0.9207113409908607,gue
77,0.47196185834506654,gue
78,1.8996124543074817,gue
79,0.32004209018110236,gue
80,1.2766593734774419,gue
81,0.2312285918896925,gue
82,0.6383429683071281,gue
83,1.5190922004376484,gue
84,0.8255741159859293,gue
85,1.0217710980931332,gue
86,1.1272111354738954,gue
87,1.2370738968469293,gue
88,0.3110613305041617,gue
89,1.4531993223514117,gue
90,0.6990480980309666,gue
91,1.301131835312112,gue
92,0.6446516225403118,gue
93,1.392223628324137,gue
94,2.047361787638634,gue
95,0.9966392278704213,gue
96,0.6967964864876558,gue
97,1.279369669038368,gue
98,1.216168598176371,gue
99,0.3138807642975116,gue
100,2.0883439132991453,gue
101,0.473262433406133,gue
102,0.6798768081528573,gue
103,1.2545083336362646,gue
104,1.2221481390048308,gue
105,0.8390268423455045,gue
106,0.8657041385365369,gue
107,0.7267465732031199,gue
108,1.3468498935990627,gue
109,1.7965841170764991,gue
110,0.4089692670715495,gue
111,1.046438088572884,gue
112,1.0982613279934101,gue
113,1.221261888261808,gue
114,0.8497985793754209,gue
115,1.3569759798618426,gue
116,0.755016978285303,gue
117,1.3009241406357739,gue
118,0.23210828945922002,gue
119,0.8688810045804336,gue
120,1.2192122171365827,gue
121,1.2591049451546803,gue
122,0.14784047329769884,gue
123,1.192940340553281,gue
124,0.9582609497332653,gue
125,0.8254610003286309,gue
126,1.3288071211093921,gue
127,0.22121863670266248,gue
128,1.8198415132116825,gue
129,0.6145900741718535,gue
130,0.39787102925019674,gue
131,1.4347324871269829,gue
132,1.3191162841079602,gue
133,1.409908555092812,gue
134,0.8993665457942616,gue
135,0.6686454858982248,gue
136,1.7827570625300468,gue
137,0.1750527584013925,gue
138,1.4461331477997903,gue
139,1.2821618416301093,gue
140,0.806369472654591,gue
141,0.8560665760859771,gue
142,0.753435572331868,gue
143,0.9357451421768752,gue
144,0.6281781692210262,gue
145,1.3625412087969155,gue
146,1.2174626532195196,gue
147,0.6444579739031152,gue
148,1.16717150590766,gue
149,1.416073420444383,gue
150,0.7327539502425371,gue
151,1.233945980040081,gue
152,0.6836986071371793,gue
153,0.8886391434382285,gue
154,1.5472778410923274,gue
155,0.9541503273350876,gue
156,1.1600958193792192,gue
157,0.6646942777792875,gue
158,1.4640713454098528,gue
159,0.3582255052818456,gue
160,0.5634305500139374,gue
161,2.172352861359708,gue
162,0.48085449821490595,gue
163,1.0184780190380485,gue
164,1.114860740267186,gue
165,0.8703576529935797,gue
166,0.5390932929324675,gue
167,1.2921218769894554,gue
168,1.0555402535797795,gue
169,0.6279628553158152,gue
170,1.4082063168673986,gue
171,0.6946951421635619,gue
172,0.532781099573696,gue
173,1.3970753808099805,gue
174,0.9135734349334693,gue
175,1.1386534704463684,gue
176,0.8496907305920778,gue
177,1.8169675138767334,gue
178,0.6103158789031997,gue
179,0.5612233948476903,gue
180,0.7312529924582845,gue
181,0.9328151832419961,gue
182,1.4902514585559643,gue
183,0.3468740002982564,gue
184,1.2517596546427863,gue
185,1.246932688295295,gue
186,0.7823152770819708,gue
187,1.1549361099092568,gue
188,1.592009228660131,gue
189,0.7560774519001079,gue
190,1.4810703860992196,gue
191,0.6339017346003452,gue
192,1.3555672035882966,gue
193,0.2891151667838827,gue
194,1.944580593042674,gue
195,1.138001508620636,gue
196,1.0321875774502036,gue
197,1.054489572656593,gue
198,0.7867495222795686,gue
199,0.740815368948207,gue
200,1.2308452921248658,gue
201,0.9755598812258388,gue
202,0.8561177576829998,gue
203,0.6205762101340326,gue
204,1.420539164240386,gue
205,0.48417081901307474,gue
206,1.5048834792455288,gue
207,0.3559866666793943,gue
208,1.71743918195362,gue
209,0.9157287956266862,gue
210,0.7441112996182436,gue
211,0.8308736290938892,gue
212,1.6867126388129436,gue
213,0.9133867587347666,gue
214,0.4300611829529917,gue
215,1.5985340680711173,gue
216,1.5474499343313106,gue
217,1.0413214023902762,gue
218,0.8191460936804158,gue
219,0.6074876306404097,gue
220,0.7419114987096807,gue
221,0.5858823618146167,gue
222,1.006655510749961,gue
223,1.8886740423092705,gue
224,1.4079988412338489,gue
225,0.36439698302775664,gue
226,0.6967969497473532,gue
227,0.8724749176848339,gue
228,0.9276994547172411,gue
229,0.4962083377427773,gue
230,1.6245144183764677,gue
231,1.2540407002426102,gue
232,1.2753187607330987,gue
233,0.7051334456935954,gue
234,0.7160940270176425,gue
235,0.9227117779767176,gue
236,0.8163531097868237,gue
237,1.234214109145288,gue
238,1.0087643095343928,gue
239,1.8162658415905677,gue
240,0.8515424588068776,gue
241,0.8855836070432811,gue
242,0.8439993103282423,gue
243,1.6226656237322123,gue
244,0.5304108137194875,gue
245,0.9253360075402071,gue
246,0.7919933481172666,gue
247,1.4630132004263008,gue
248,0.8102598592516855,gue
249,0.8712395455444525,gue
250,0.4053923088992297,gue
251,1.2364546148808748,gue
252,1.0659421105968865,gue
253,0.78011759534849,gue
254,1.8187307551855763,gue
255,1.2687260509451024,gue
256,0.8616833093615865,gue
257,0.8094743368919112,gue
258,0.3542185053539652,gue
259,0.9586350590530521,gue
260,0.6790700253311506,gue
261,1.1567923525864505,gue
262,1.2245034395489107,gue
263,1.139596144715628,gue
264,1.7166217203256982,gue
265,0.46393268262050097,gue
266,0.882559842772692,gue
267,1.1266482953805972,gue
268,0.19574977254532913,gue
269,1.7688836387814248,gue
270,0.04900451838658138,gue
271,1.6659956990636728,gue
272,1.2672701614761384,gue
273,0.5221359463207881,gue
274,1.4874206372540633,gue
275,0.9839338037999796,gue
276,0.9313775821828488,gue
277,0.2956614715221126,gue
278,1.442595006945254,gue
279,0.5854240117058462,gue
280,0.7079993153183257,gue
281,1.7606167221883335,gue
282,0.9151914181439184,gue
283,1.3558808769329067,gue
284,1.0777025627234873,gue
285,0.5813690385859032,gue
286,1.6580421212879473,gue
287,0.5414235869979607,gue
288,0.6851725590903294,gue
289,1.5102975309527509,gue
290,0.30130290546722166,gue
291,1.1149490691371942,gue
292,0.997625372798493,gue
293,1.4301347236042063,gue
294,1.0703763447277421,gue
295,1.3680456188441135,gue
296,0.6257156397329472,gue
297,1.589567947143559,gue
298,0.9725090411463375,gue
299,0.6843149345673534,gue
300,1.434898766213138,gue
301,1.1164311056850538,gue
302,0.7614094114118174,gue
303,0.8216037877592646,gue
304,1.4843573867943702,gue
305,1.1621567957086736,gue
306,0.33706916220931704,gue
307,0.6303154360825007,gue
308,1.215233179745084,gue
309,0.2629306066269041,gue
310,1.208238983227507,gue
311,0.8673769857631675,gue
312,0.8937938061509264,gue
313,1.4897450053753007,gue
314,0.44762607917689623,gue
315,1.2857231768144601,gue
316,1.4822823105350815,gue
317,0.5310050233013126,gue
318,1.9379991775122536,gue
319,1.1705551914093224,gue
320,0.13550854154062808,gue
321,1.1645014101361553,gue
322,1.168657405493036,gue
323,0.9523162677840958,gue
324,0.4163909258362879,gue
325,0.6802798510240577,gue
326,0.2875718537687622,gue
327,1.686634788946002,gue
328,1.2583925284465285,gue
329,1.1445651757816437,gue
330,1.2893462510983535,gue
331,0.45183394599496285,gue
332,0.9343362518652597,gue
333,0.9657661295432376,gue
334,1.0418678216778194,gue
335,0.30334384846956475,gue
336,2.363141235937747,gue
337,0.6395466292939119,gue
338,1.8825779010585133,gue
339,0.7780443425822025,gue
340,1.4350174473213788,gue
341,0.14020570928906775,gue
342,1.0960602466912122,gue
343,1.1612499692642644,gue
344,1.097303123187252,gue
345,1.0708987057210695,gue
346,0.8743188957502407,gue
347,1.0653620409391085,gue
348,0.7503046634712301,gue
349,0.8712155081974214,gue
350,0.6788826051152296,gue
351,0.9601352908642811,gue
352,0.5094919789015202,gue
353,1.8361775724756662,gue
354,1.0298827810449733,gue
355,1.082928374908351,gue
356,0.5445700324367296,gue
357,1.9071341923980587,gue
358,0.8316981930383659,gue
359,0.3066248751162784,gue
360,0.7731992882598188,gue
361,0.8231958099600631,gue
362,1.2958407123227322,gue
363,0.19164984426636408,gue
364,1.83591078180338,gue
365,0.7513540752640547,gue
366,0.7068970375990187,gue
367,0.96052211521795,gue
368,0.9854292615686016,gue
369,0.6581572964419509,gue
370,2.240065229891638,gue
371,0.5511679910260537,gue
372,0.6007430131588848,gue
373,0.8661078200066634,gue
374,1.1619519837404773,gue
375,1.1586077752566915,gue
376,1.5399334005623715,gue
377,0.9026440038368528,gue
378,0.6583161794371881,gue
379,1.4130836232148762,gue
380,0.31317335512858624,gue
381,1.0010466764148869,gue
382,1.4645873422600664,gue
383,0.8986916616466859,gue
384,0.950228472555731,gue
385,1.0119230561916333,gue
386,1.364601379386138,gue
387,1.0948377995224574,gue
388,0.6261491086785197,gue
389,0.680820712347848,gue
390,0.873512547414368,gue
391,1.3722352246659768,gue
392,0.9332833693750772,gue
393,1.6083842395855223,gue
394,0.7372491507446415,gue
395,0.3439781189655705,gue
396,1.4786302345151083,gue
397,0.16434335181890156,gue
398,1.4481655993806355,gue
399,1.5757649302769352,gue
400,0.9439088256299769,gue
401,0.5317202501631012,gue
402,0.5925590333383599,gue
403,1.1963264510825762,gue
404,0.8722475329562503,gue
405,1.104956078788191,gue
406,0.7309862305396978,gue
407,1.456734461821623,gue
408,1.2256590926579076,gue
409,0.8549807704081168,gue
410,0.5169889808595188,gue
411,0.6937399584274061,gue
412,1.9053821174019716,gue
413,0.6752639409648153,gue
414,0.674404959437581,gue
415,0.8026643553747198,gue
416,1.670828073090272,gue
417,0.7425571265537453,gue
418,0.6099845742759333,gue
419,1.8406088502036433,gue
420,1.2444161976025139,gue
421,1.061042301913668,gue
422,0.2167781615482532,gue
423,1.9196115375959488,gue
424,1.7568413415444135,gue
425,0.19360244162828757,gue
426,1.3622679562565305,gue
427,1.4876740836807403,gue
428,0.9495529784346977,gue
429,1.5604583543368222,gue
430,1.2403977866998217,gue
431,0.9745483584909256,gue
432,0.5265515605677166,gue
433,0.5039139655060586,gue
434,0.6982794609186797,gue
435,1.4856053942118879,gue
436,0.6994764076593902,gue
437,0.5907193249975558,gue
438,1.1252607381767104,gue
439,0.7409645347749354,gue
440,1.1599598686432666,gue
441,0.8664585597128754,gue
442,1.816521029845656,gue
443,0.7309995652383423,gue
444,0.7476481344421605,gue
445,0.9642837114888277,gue
446,0.542882420332413,gue
447,0.9970175026872027,gue
448,1.206503576214421,gue
449,1.3699181594921717,gue
450,0.5789534756917819,gue
451,1.7703278109372582,gue
452,0.7257129988309576,gue
453,0.772856507683495,gue
454,0.8776575238974583,gue
455,1.3075725463354464,gue
456,0.823882046168053,gue
457,0.6770746152609937,gue
458,0.8513381115712748,gue
459,0.9321304881363468,gue
460,1.162789630701076,gue
461,0.29286296478454854,gue
462,1.1523471183410905,gue
463,1.0199790505179627,gue
464,0.9823112170491879,gue
465,1.0895220237011236,gue
466,1.0104067601532922,gue
467,0.9216817902433684,gue
468,1.7771942904079212,gue
469,0.9020395521896833,gue
470,1.0730522614151692,gue
471,1.0257752939689542,gue
472,1.7218423251465609,gue
473,1.4098046506738764,gue
474,1.7996365565631167,gue
475,0.6291488873584481,gue
476,0.46216430171230066,gue
477,0.28856322950489743,gue
478,1.9072291316193068,gue
479,0.9317590771620238,gue
480,0.6545947923282708,gue
481,1.2003203066978028,gue
482,1.4911801460475813,gue
483,0.5518419291428744,gue
484,1.062041462833847,gue
485,0.5868610111477287,gue
486,0.9370336514504354,gue
487,0.9521930083910226,gue
488,1.0626414863524338,gue
489,0.45259811129835253,gue
490,1.4799176430338818,gue
491,0.9728170653667129,gue
492,0.73106813233541,gue
493,1.6409247075005102,gue
494,0.17762601101560244,gue
495,1.0697314795759134,gue
496,1.123284741284403,gue
497,0.9276763655637332,gue
498,0.9006164173773652,gue
499,1.0218310143405342,gue
500,1.199974402502528,gue
501,0.23973070549602715,gue
502,1.2066047054990499,gue
503,0.7795356249283878,gue
504,1.5251759450060642,gue
505,0.5469013001105794,gue
506,1.0101681854224582,gue
507,1.0233486144932042,gue
508,0.7187794502968936,gue
509,1.5021865709687314,gue
510,0.5151280366321016,gue
511,0.9905264984151014,gue
512,0.882654910242523,gue
513,0.9799866434102327,gue
514,1.5543615191048694,gue
515,0.9704316606491524,gue
516,1.4107113015007544,gue
517,0.7710709885274545,gue
518,1.4291056779904863,gue
519,0.8457874848098175,gue
520,1.1776813211060266,gue
521,0.6525304008201813,gue
522,0.7276593808650038,gue
523,0.7404365978604407,gue
524,2.060107767874714,gue
525,1.3004955580799562,gue
526,1.5760207979379675,gue
527,1.1661864130119133,gue
528,1.1403762353086164,gue
529,0.8941770276938896,gue
530,0.8994679334255746,gue
531,1.08324717405923,gue
532,0.5112090012366233,gue
533,1.5589469986344031,gue
534,0.8476900404151829,gue
535,0.37358643586861223,gue
536,0.6572125947403888,gue
537,1.5012866858968743,gue
538,0.9918448501734901,gue
539,1.0370272308380135,gue
540,0.8708522277728223,gue
541,0.8927534644156525,gue
542,1.4423663073507755,gue
543,1.045877899538288,gue
544,0.8213599267703993,gue
545,0.5969894334680946,gue
546,0.7657827270200839,gue
547,0.6182505358115995,gue
548,0.9890708135739087,gue
549,0.49862977481213777,gue
550,0.8654465388750374,gue
551,0.4599868365277071,gue
552,1.726556122324613,gue
553,0.6655258413706733,gue
554,1.259086152261326,gue
555,1.1586612113144248,gue
556,1.2735692398630654,gue
557,1.0276584281711143,gue
558,0.929835486214414,gue
559,1.1625930895952905,gue
560,0.4219909585860998,gue
561,0.9192821132907945,gue
562,1.112091173620667,gue
563,0.8951028281599521,gue
564,1.4085972606436516,gue
565,0.8980911852343405,gue
566,0.8927279741981566,gue
567,1.257458737399742,gue
568,1.4132285290359063,gue
569,0.7311015502732631,gue
570,0.963066414721244,gue
571,1.5369244891656644,gue
572,1.6065408402749366,gue
573,0.3097058830968843,gue
574,0.5524907860779956,gue
575,0.5119912316288777,gue
576,1.2995426232727814,gue
577,1.1606800585143624,gue
578,0.7870036181413115,gue
579,0.6095175031006623,gue
580,0.6708276179352661,gue
581,1.465635683306748,gue
582,1.476214961354407,gue
583,0.2534756093854668,gue
584,1.6625835874726578,gue
585,0.9531013121364622,gue
586,1.0489980567892645,gue
587,0.49978029011729147,gue
588,1.6929785217664353,gue
589,1.2670851059157036,gue
590,0.36181276845783034,gue
591,0.5831399677869337,gue
592,0.9373912434276414,gue
593,0.9512438556422724,gue
594,0.8395509258526597,gue
595,1.7788132843158855,gue
596,0.7635342779278099,gue
597,1.2593852245586754,gue
598,0.8670088000430857,gue
599,0.9961185905933156,gue
600,1.3853178736166407,gue
601,0.8634070476010917,gue
602,1.1331063595548316,gue
603,0.7156769674992495,gue
604,1.337460273913631,gue
605,1.1004210246854338,gue
606,1.0659783774525016,gue
607,0.7500047835659911,gue
608,1.0934550888577108,gue
609,0.9513431339194389,gue
610,1.1815384396686899,gue
611,0.5635395207428495,gue
612,1.1593596906739279,gue
613,0.5166198586663365,gue
614,2.200383277233718,gue
615,1.4402671369392093,gue
616,0.48612151458728947,gue
617,0.8143664243925237,gue
618,2.0906593101208095,gue
619,0.5485083262455741,gue
620,1.0231026833332122,gue
621,0.6991263799950673,gue
622,0.6086713864220205,gue
623,0.8208188020586183,gue
624,0.8183620022057531,gue
625,1.417358263730223,gue
626,1.1937380577866221,gue
627,0.8763350827377788,gue
628,0.919762412424809,gue
629,0.5885126102302483,gue
630,1.2828772780277737,gue
631,0.7215106608066351,gue
632,1.3461139766227153,gue
633,1.3450443724492431,gue
634,0.4207843894962884,gue
635,1.253614973502902,gue
636,0.7327961484426941,gue
637,0.5365482190292057,gue
638,1.6138815614843314,gue
639,0.5917387988583792,gue
640,1.439777710327977,gue
641,1.363710555827348,gue
642,1.1402043153561146,gue
643,0.5332268122235334,gue
644,1.141799683710786,gue
645,0.7183284059485553,gue
646,0.6337941997536533,gue
647,0.4976163003158572,gue
648,1.2516827283914738,gue
649,1.3089569273241564,gue
650,1.032081255015607,gue
651,0.908679207185663,gue
652,1.041744963313072,gue
653,1.2691767411855417,gue
654,0.5358930495477499,gue
655,0.5023815432196764,gue
656,1.6572691061535245,gue
657,0.9335916264624108,gue
658,1.0231012702333946,gue
659,1.6805127419534744,gue
660,1.2017924009316021,gue
661,0.45830648116905937,gue
662,1.9553375043376484,gue
663,0.7397960961426723,gue
664,0.8132554663579142,gue
665,1.5120357710543197,gue
666,0.36156820240688464,gue
667,1.2477339946688593,gue
668,0.8944393344164002,gue
669,1.1128800370394025,gue
670,1.1818292331309812,gue
671,0.8979379651300422,gue
672,0.9036335102423599,gue
673,0.7415365319296824,gue
674,1.056076464391442,gue
675,0.05694917124175622,gue
676,0.7368987647414705,gue
677,1.697739655455681,gue
678,1.2176281273261915,gue
679,0.6331555152052841,gue
680,0.4464312793616181,gue
681,1.3764315460978271,gue
682,0.49584909389453713,gue
683,0.5575526387450627,gue
684,1.3844468143103064,gue
685,1.0229657166074537,gue
686,0.9893447741441509,gue
687,1.4422746669484292,gue
688,0.9419202768847668,gue
689,0.7900213613563636,gue
690,1.1013839857054164,gue
691,0.9472613795541123,gue
692,0.29917172386638996,gue
693,1.0314561530617214,gue
694,0.8385411771859356,gue
695,0.949535105359796,gue
696,0.3806901627734414,gue
697,1.421883229954955,gue
698,0.9875430046284781,gue
699,1.256442837091418,gue
700,1.8875264540442078,gue
701,1.0801082599734824,gue
702,0.45668284853879837,gue
703,1.4766084821690286,gue
704,1.171882400625753,gue
705,1.1650016578434286,gue
706,1.289998425421241,gue
707,1.282790241319185,gue
708,0.4785773842911807,gue
709,2.3184515436674356,gue
710,0.28158665908901065,gue
711,0.8364872206080062,gue
712,0.8534321277126943,gue
713,0.7461875977645078,gue
714,1.1508768311139703,gue
715,0.9914756880147516,gue
716,0.18203992739931488,gue
717,1.0604112577105516,gue
718,1.1181215688934676,gue
719,1.1878394859789074,gue
720,0.37805903120215956,gue
721,1.7548075763958462,gue
722,1.1306499794750244,gue
723,0.3895110137142055,gue
724,1.0434600680390016,gue
725,0.9994359167923761,gue
726,1.5902708110758847,gue
727,0.5357589881182176,gue
728,0.856154763337406,gue
729,0.7954955416012791,gue
730,1.1171599128208625,gue
731,1.2220761771990343,gue
732,0.8820232157070078,gue
733,1.2107729023003337,gue
734,0.9144715282225335,gue
735,1.3610834975500605,gue
736,1.1991164106430272,gue
737,0.21177992076530755,gue
738,0.8621188222274508,gue
739,0.8148812995395274,gue
740,1.609697991896357,gue
741,0.6887913953543866,gue
742,1.2589365293631054,gue
743,0.7502717555292475,gue
744,0.7308563552635509,gue
745,1.4084195631643284,gue
746,0.7118960735209495,gue
747,0.18082513913456544,gue
748,2.1832370551720914,gue
749,0.4733065759652581,gue
750,0.8505313055183101,gue
751,1.4840823490818036,gue
752,1.621784575325264,gue
753,1.0695243804369161,gue
754,0.6150602179452602,gue
755,1.1431669354581984,gue
756,1.2609081822812063,gue
757,1.384972169108097,gue
758,0.3509454423650771,gue
759,0.8189499956892722,gue
760,0.7661191350509312,gue
761,0.9949068958721261,gue
762,0.4407275015397682,gue
763,0.7548044305880631,gue
764,1.6939234493680175,gue
765,0.7769617875386705,gue
766,1.34978353181213,gue
767,0.7229270164396512,gue
768,1.4744204555836145,gue
769,0.4528751281193378,gue
770,1.3484054759802322,gue
771,0.6861652547921051,gue
772,1.726467480794384,gue
773,0.3604746292443126,gue
774,0.9289189890823196,gue
775,0.7600962573694193,gue
776,1.1091536802537332,gue
777,0.5454776069390479,gue
778,1.0662542111707587,gue
779,0.9541116259331642,gue
780,1.6064529724631593,gue
781,1.4973208078934095,gue
782,0.2011918521381249,gue
783,1.1619298961315425,gue
784,1.269211372847707,gue
785,1.4227859837040826,gue
786,0.3968326461866874,gue
787,1.0862400083771961,gue
788,0.40942752524957743,gue
789,0.21409360876697892,gue
790,3.1353016504173317,gue
791,0.8357167207440234,gue
792,0.8781539550880396,gue
793,0.6593268174599043,gue
794,0.9425795604675112,gue
795,1.0998691836834995,gue
796,0.9788824621082369,gue
797,0.9775842235859572,gue
798,0.7802235196905456,gue
799,1.890373366240677,gue
800,1.052507683195901,gue
801,1.3895778363562064,gue
802,0.683672671472241,gue
803,0.9349661250343649,gue
804,1.0116258158709432,gue
805,0.8345368645407906,gue
806,0.887232306970882,gue
807,1.0260100567770887,gue
808,1.4648761423457848,gue
809,0.9580705556816957,gue
810,1.1367720633439502,gue
811,0.7768908294621787,gue
812,0.8158346539742078,gue
813,1.1130668822803778,gue
814,1.4469694087584903,gue
815,0.7617615226130455,gue
816,0.748170481343122,gue
817,1.249674014799083,gue
818,1.014827484851958,gue
819,1.376852879051424,gue
820,0.3494376853245272,gue
821,0.9310766873209331,gue
822,1.764225997950052,gue
823,0.70367562117724,gue
824,0.4512665247177708,gue
825,1.1187812387409137,gue
826,1.4032851910423607,gue
827,0.685097778569037,gue
828,0.9594090964729443,gue
829,1.1490130100920908,gue
830,0.9453230235180792,gue
831,1.310495342410524,gue
832,0.3739527590918705,gue
833,0.8587439616004946,gue
834,1.471413988527293,gue
835,1.171948905274681,gue
836,0.7812500523439763,gue
837,1.0878745030805645,gue
838,1.4374972265769743,gue
839,1.2000729375147767,gue
840,0.6054137936394041,gue
841,0.4922961638768099,gue
842,2.095731713430698,gue
843,0.6428851848897505,gue
844,0.7471655410073592,gue
845,1.2426693221155178,gue
846,0.33610047096961254,gue
847,0.6195720587669546,gue
848,1.1434791511079636,gue
849,0.5824015610328055,gue
850,1.3629916813575158,gue
851,1.1723069587627766,gue
852,1.2557569306002732,gue
853,0.8338518538200358,gue
854,1.6306944589559986,gue
855,1.2468118237337857,gue
856,0.9530006631416413,gue
857,0.6059794124318278,gue
858,0.9678203553701834,gue
859,0.9052545432445848,gue
860,0.6014666516274412,gue
861,1.0119184009690858,gue
862,1.1652654228548995,gue
863,1.0271277947095252,gue
864,0.4441633758674794,gue
865,1.0029145176388203,gue
866,1.0439972751886495,gue
867,1.0303774171085376,gue
868,1.3112554810289538,gue
869,0.42463964687652617,gue
870,0.9602878084322723,gue
871,0.6253936742762737,gue
872,0.9020246928933172,gue
873,0.8949625765105709,gue
874,0.6941897719282278,gue
875,1.4553892386579972,gue
876,0.9249999381997022,gue
877,1.0202219069449912,gue
878,1.5096788315718424,gue
879,0.37414168000293496,gue
880,1.1650222528497085,gue
881,0.4352657644949085,gue
882,1.8289402697402501,gue
883,1.2391358718900234,gue
884,0.7863520253811861,gue
885,1.0223044985604794,gue
886,0.6516011977797302,gue
887,1.2620799796133322,gue
888,1.3845340302957065,gue
889,0.9512612691158033,gue
890,0.5550648457114808,gue
891,1.1872786954077479,gue
892,1.5847428002923307,gue
893,1.2420789432529271,gue
894,1.3468228324532696,gue
895,1.4333513867553713,gue
896,0.9669356393666995,gue
897,0.6606340039090833,gue
898,0.9239403284650676,gue
899,0.7663823546850139,gue
900,1.478414208112396,gue
901,0.6424008754372419,gue
902,1.3019497209084259,gue
903,0.4980580554024637,gue
904,1.4908003249953774,gue
905,0.5998354443047637,gue
906,1.156171672568394,gue
907,1.073300337272665,gue
908,1.1031281868207028,gue
909,1.0527448202972403,gue
910,0.6579526858214161,gue
911,1.2711691082462588,gue
912,1.3272693715310917,gue
913,0.4314792648941999,gue
914,0.6958484242701565,gue
915,1.5850844658442085,gue
916,1.339831948924379,gue
917,0.6801364483125623,gue
918,0.5829939981180504,gue
919,1.43382539111264,gue
920,0.8170131052279939,gue
921,0.6561625497995374,gue
922,0.5715263113180223,gue
923,0.9291477602630122,gue
924,1.210439275048968,gue
925,0.7083284311060329,gue
926,1.2150209665801006,gue
927,1.1747037020279218,gue
928,0.8441385372692032,gue
929,1.386398742162567,gue
930,0.3356989555651685,gue
931,1.7076623316376236,gue
932,0.7744201181259899,gue
933,0.8511806259227741,gue
934,0.9218405497152151,gue
935,1.4932833466477335,gue
936,1.1646791571377468,gue
937,1.1358039139796596,gue
938,0.4866596206075111,gue
939,1.4002602379099587,gue
940,0.7151704631181209,gue
941,0.7214688615346351,gue
942,0.8038572276976396,gue
943,1.352230748371514,gue
944,1.3948053543733367,gue
945,0.6440978755828347,gue
946,1.1558745237367163,gue
947,0.6719348860759993,gue
948,0.6598358169670139,gue
949,0.8106216714194878,gue
950,1.8937088464449763,gue
951,0.7312613727921594,gue
952,0.42258856667157035,gue
953,0.9644910427401786,gue
954,1.6565843968319534,gue
955,0.9652127550056023,gue
956,1.1574519538183676,gue
957,0.5708252818244086,gue
958,1.4224620081280444,gue
959,0.1947634263971952,gue
960,1.3652779219380957,gue
961,0.9196757897436693,gue
962,1.1536334025252126,gue
963,0.9954639451243977,gue
964,0.28124565510818644,gue
965,1.3805830064038438,gue
966,0.9031924259954047,gue
967,1.344242250273671,gue
968,1.6502153083277211,gue
969,1.0733864733008067,gue
970,1.1602757437977766,gue
971,0.3915168779721835,gue
972,0.9131844060851025,gue
973,0.6482483178771848,gue
974,0.5786578224992606,gue
975,0.8984851692474983,gue
976,1.205972361527496,gue
977,1.4298751106074101,gue
978,1.4852736383778484,gue
979,0.5120876217125901,gue
980,1.1739288989122116,gue
981,0.9488956954050877,gue
982,0.909178137948489,gue
983,1.2525621874081578,gue
984,0.7428029995758573,gue
985,0.8090484609859713,gue
986,1.6554880360665567,gue
987,1.0235257188386706,gue
988,0.8596367312120626,gue
989,1.7448789677348027,gue
990,1.0400411994003773,gue
991,0.864970266183372,gue
992,1.311925904987321,gue
993,1.0615034758632864,gue
994,1.1283059535006579,gue
995,0.888860871677933,gue
996,0.6459502316773886,gue
997,0.948071645626826,gue
998,0.8210317210301167,gue
999,0.5333762176296108,gue
1000,1.2671133174445746,gue
1001,1.278488267259715,gue
1002,1.421086015841421,gue
1003,0.565837251623023,gue
1004,1.2484954592980413,gue
1005,0.48903287788239835,gue
1006,0.3346963880576537,gue
1007,1.723585535890595,gue
1008,0.6892685043517303,gue
1009,1.0428345779775745,gue
1010,0.9539176275368566,gue
1011,1.1585835969394322,gue
1012,0.939428814613852,gue
1013,0.7913855132028044,gue
1014,1.314414547757934,gue
1015,0.8651833906008733,gue
1016,1.1391340033371162,gue
1017,0.5913423926794701,gue
1018,1.3721929529075774,gue
1019,0.45090740775652205,gue
1020,1.4239993035818246,gue
1021,0.5200432487382849,gue
1022,1.8281495025613577,gue
1023,0.8786746732351293,gue
1024,0.40689107424496007,gue
1025,1.449118622168872,gue
1026,0.31626523585693295,gue
1027,1.888682925709192,gue
1028,0.5421542981640812,gue
1029,0.8470690098683045,gue
1030,0.5974276854878582,gue
1031,1.276855556799411,gue
1032,1.084255749477615,gue
1033,1.0430654616885053,gue
1034,1.4118660229347595,gue
1035,0.8504349663640635,gue
1036,0.7968527986547304,gue
1037,0.790446209285571,gue
1038,0.7331955105035253,gue
1039,1.7394102645451521,gue
1040,1.9404096002071252,gue
1041,0.51896243683849,gue
1042,0.9936202684691157,gue
1043,2.307152349328259,gue
1044,0.5447781800167834,gue
1045,1.4918929018456368,gue
1046,0.5009519247531347,gue
1047,0.6933424709894526,gue
1048,1.643871960676572,gue
1049,1.0720634194022327,gue
1050,0.45291912619823194,gue
1051,0.5135653931187822,gue
1052,0.6919817736364622,gue
1053,1.5081937408806787,gue
1054,0.3932603821689772,gue
1055,0.987053429847444,gue
1056,1.1339206073836374,gue
1057,1.031320278388901,gue
1058,0.6900133198592227,gue
1059,1.5148534641736207,gue
1060,1.1968504740089294,gue
1061,0.7613417521962527,gue
1062,1.661882926677616,gue
1063,0.8867854114170791,gue
1064,0.47538849371663944,gue
1065,0.3598956936639183,gue
1066,1.875044756913606,gue
1067,0.9664368551059653,gue
1068,0.42609438299829294,gue
1069,0.5391041811102849,gue
1070,1.2025954832677501,gue
1071,0.8242345034353669,gue
1072,1.054344842592296,gue
1073,1.576280621183867,gue
1074,0.6275474588115436,gue
1075,1.116926326637667,gue
1076,1.2615100328427713,gue
1077,1.409804865417177,gue
1078,0.5920658585652401,gue
1079,0.6265780784192576,gue
1080,0.38485193896033926,gue
1081,1.6399682845223327,gue
1082,0.7458128524648558,gue
1083,0.9680240504218541,gue
1084,0.570743743956983,gue
1085,1.3344474858924835,gue
1086,0.5583777398551006,gue
1087,0.896326082026814,gue
1088,1.8431928024693967,gue
1089,0.9445263460055875,gue
1090,0.9648405210388984,gue
1091,1.0710284868003563,gue
1092,0.49459945344476614,gue
1093,0.8070412011606523,gue
1094,1.1981303794658964,gue
1095,0.4392987141313309,gue
1096,1.6566190096006428,gue
1097,0.4765592160948695,gue
1098,1.2440684200612138,gue
1099,1.5112234021441715,gue
1100,0.9334435697771074,gue
1101,0.9454496547650064,gue
1102,0.8954133037849027,gue
1103,1.4971073874823888,gue
1104,1.0741415126758957,gue
1105,0.44622984280444444,gue
1106,1.0345994431593364,gue
1107,0.7792876681453409,gue
1108,1.0259260554631802,gue
1109,1.274173008997434,gue
1110,0.3923752584286562,gue
1111,0.9734962514189658,gue
1112,0.7771962081835619,gue
1113,1.521797802319885,gue
1114,0.927952394933695,gue
1115,0.5907588522236139,gue
1116,1.4036400175834234,gue
1117,1.4136427055601144,gue
1118,0.3937979730187829,gue
1119,0.8310629490346263,gue
1120,1.281294984250428,gue
1121,1.100321280648612,gue
1122,1.0155683964975408,gue
1123,0.679043924067107,gue
1124,0.6839349875717156,gue
1125,1.343208454488722,gue
1126,1.6270509378283822,gue
1127,1.4230263126935812,gue
1128,0.99019895515768,gue
1129,1.6052433753257809,gue
1130,0.6248366891115471,gue
1131,1.1370646721347826,gue
1132,1.3194715722204289,gue
1133,1.690807607135306,gue
1134,1.1404455369259647,gue
1135,0.2738480071826458,gue
1136,2.0255744634769552,gue
1137,0.2614471301903284,gue
1138,1.6627388915729095,gue
1139,0.3097981104392115,gue
1140,1.0166515376036285,gue
1141,0.6012674912682382,gue
1142,1.1948311021943407,gue
1143,1.1947197719980305,gue
1144,0.6295578361698329,gue
1145,1.4286260229219208,gue
1146,0.5919057217066365,gue
1147,0.6842414343772271,gue
1148,0.8463121896460265,gue
1149,1.1025745136074985,gue
1150,1.0627363708306714,gue
1151,0.6607019225783548,gue
1152,0.46676619424209054,gue
1153,1.3297411500879075,gue
1154,1.024096634584665,gue
1155,1.0967348018944059,gue
1156,0.8276694719411215,gue
1157,0.9374357267677306,gue
1158,1.2494058559767958,gue
1159,1.0057929216597536,gue
1160,0.44561558837573556,gue
1161,0.8864063471471135,gue
1162,0.8628063453106954,gue
1163,1.4649967891313296,gue
1164,0.9233676083874139,gue
1165,0.5712967328955729,gue
1166,1.4636650530799598,gue
1167,1.2565763000346075,gue
1168,0.9684862664731426,gue
1169,0.43116295491178375,gue
1170,1.0595000257376281,gue
1171,1.9457378398576055,gue
1172,0.6565052238921263,gue
1173,0.8758267074746349,gue
1174,1.5383185232799106,gue
1175,0.6466869662379989,gue
